{
    "f1": 0.5298013245033113,
    "roc_auc": 0.6881268659219751
}