{
    "f1": 0.5342465753424658,
    "roc_auc": 0.6907943433713819
}